task_id,mrsg_phase,worker_id,time,action,shuffle_end
0_0_0,MRSG_MAP,0,0.001,START,
0_1_0,MRSG_MAP,1,0.004,START,
0_2_0,MRSG_MAP,2,0.007,START,
0_3_0,MRSG_MAP,3,0.009,START,
0_4_0,MRSG_MAP,4,0.012,START,
0_5_0,MRSG_MAP,5,0.014,START,
0_6_0,MRSG_MAP,6,0.017,START,
0_7_0,MRSG_MAP,7,0.020,START,
0_8_0,MRSG_MAP,8,0.022,START,
0_9_0,MRSG_MAP,9,0.025,START,
0_10_0,MRSG_MAP,10,0.027,START,
0_11_0,MRSG_MAP,11,0.030,START,
0_12_0,MRSG_MAP,12,0.033,START,
0_13_0,MRSG_MAP,13,0.035,START,
0_14_0,MRSG_MAP,14,0.038,START,
0_15_0,MRSG_MAP,15,0.040,START,
0_16_0,MRSG_MAP,16,0.043,START,
0_17_0,MRSG_MAP,17,0.046,START,
0_18_0,MRSG_MAP,18,0.048,START,
0_19_0,MRSG_MAP,19,0.051,START,
0_20_0,MRSG_MAP,20,0.053,START,
0_21_0,MRSG_MAP,21,0.056,START,
0_22_0,MRSG_MAP,22,0.059,START,
0_23_0,MRSG_MAP,23,0.061,START,
0_24_0,MRSG_MAP,24,0.064,START,
0_25_0,MRSG_MAP,25,0.066,START,
0_26_0,MRSG_MAP,26,0.069,START,
0_27_0,MRSG_MAP,27,0.072,START,
0_28_0,MRSG_MAP,28,0.074,START,
0_29_0,MRSG_MAP,29,0.077,START,
0_30_0,MRSG_MAP,30,0.079,START,
0_31_0,MRSG_MAP,31,0.082,START,
0_32_0,MRSG_MAP,32,0.085,START,
0_33_0,MRSG_MAP,33,0.087,START,
0_34_0,MRSG_MAP,34,0.090,START,
0_35_0,MRSG_MAP,35,0.092,START,
0_36_0,MRSG_MAP,36,0.095,START,
0_37_0,MRSG_MAP,37,0.098,START,
0_38_0,MRSG_MAP,38,0.100,START,
0_39_0,MRSG_MAP,39,0.103,START,
0_40_0,MRSG_MAP,40,0.105,START,
0_41_0,MRSG_MAP,41,0.108,START,
0_42_0,MRSG_MAP,42,0.111,START,
0_43_0,MRSG_MAP,43,0.113,START,
0_44_0,MRSG_MAP,44,0.116,START,
0_45_0,MRSG_MAP,45,0.118,START,
0_46_0,MRSG_MAP,46,0.121,START,
0_47_0,MRSG_MAP,47,0.124,START,
0_48_0,MRSG_MAP,48,0.126,START,
0_49_0,MRSG_MAP,49,0.129,START,
0_50_0,MRSG_MAP,50,0.131,START,
0_51_0,MRSG_MAP,51,0.134,START,
0_52_0,MRSG_MAP,52,0.137,START,
0_53_0,MRSG_MAP,53,0.139,START,
0_54_0,MRSG_MAP,54,0.142,START,
0_55_0,MRSG_MAP,55,0.144,START,
0_56_0,MRSG_MAP,56,0.147,START,
0_57_0,MRSG_MAP,57,0.150,START,
0_58_0,MRSG_MAP,58,0.152,START,
0_59_0,MRSG_MAP,59,0.155,START,
0_60_0,MRSG_MAP,60,0.157,START,
0_61_0,MRSG_MAP,61,0.160,START,
0_62_0,MRSG_MAP,62,0.163,START,
0_63_0,MRSG_MAP,63,0.165,START,
0_64_0,MRSG_MAP,64,0.168,START,
0_65_0,MRSG_MAP,65,0.170,START,
0_66_0,MRSG_MAP,66,0.173,START,
0_67_0,MRSG_MAP,67,0.176,START,
0_68_0,MRSG_MAP,68,0.178,START,
0_69_0,MRSG_MAP,69,0.181,START,
0_70_0,MRSG_MAP,70,0.183,START,
0_71_0,MRSG_MAP,71,0.186,START,
0_72_0,MRSG_MAP,72,0.189,START,
0_73_0,MRSG_MAP,73,0.191,START,
0_74_0,MRSG_MAP,74,0.194,START,
0_75_0,MRSG_MAP,75,0.196,START,
0_76_0,MRSG_MAP,76,0.199,START,
0_77_0,MRSG_MAP,77,0.202,START,
0_78_0,MRSG_MAP,78,0.204,START,
0_79_0,MRSG_MAP,79,0.207,START,
0_80_0,MRSG_MAP,80,0.209,START,
0_81_0,MRSG_MAP,81,0.212,START,
0_82_0,MRSG_MAP,82,0.215,START,
0_83_0,MRSG_MAP,83,0.217,START,
0_84_0,MRSG_MAP,84,0.220,START,
0_85_0,MRSG_MAP,85,0.222,START,
0_86_0,MRSG_MAP,86,0.225,START,
0_87_0,MRSG_MAP,87,0.228,START,
0_88_0,MRSG_MAP,88,0.230,START,
0_89_0,MRSG_MAP,89,0.233,START,
0_90_0,MRSG_MAP,90,0.235,START,
0_91_0,MRSG_MAP,91,0.238,START,
0_92_0,MRSG_MAP,92,0.241,START,
0_93_0,MRSG_MAP,93,0.243,START,
0_94_0,MRSG_MAP,94,0.246,START,
0_95_0,MRSG_MAP,95,0.248,START,
0_96_0,MRSG_MAP,96,0.251,START,
0_97_0,MRSG_MAP,97,0.254,START,
0_98_0,MRSG_MAP,98,0.256,START,
0_99_0,MRSG_MAP,99,0.259,START,
0_100_0,MRSG_MAP,100,0.262,START,
0_101_0,MRSG_MAP,101,0.264,START,
0_102_0,MRSG_MAP,102,0.267,START,
0_103_0,MRSG_MAP,103,0.269,START,
0_104_0,MRSG_MAP,104,0.272,START,
0_105_0,MRSG_MAP,105,0.275,START,
0_106_0,MRSG_MAP,106,0.277,START,
0_107_0,MRSG_MAP,107,0.280,START,
0_108_0,MRSG_MAP,108,0.282,START,
0_109_0,MRSG_MAP,109,0.285,START,
0_110_0,MRSG_MAP,110,0.288,START,
0_111_0,MRSG_MAP,111,0.290,START,
0_112_0,MRSG_MAP,112,0.293,START,
0_113_0,MRSG_MAP,113,0.295,START,
0_114_0,MRSG_MAP,114,0.298,START,
0_115_0,MRSG_MAP,115,0.301,START,
0_116_0,MRSG_MAP,116,0.303,START,
0_117_0,MRSG_MAP,117,0.306,START,
0_118_0,MRSG_MAP,118,0.308,START,
0_119_0,MRSG_MAP,119,0.311,START,
0_120_0,MRSG_MAP,120,0.314,START,
0_121_0,MRSG_MAP,121,0.316,START,
0_122_0,MRSG_MAP,122,0.319,START,
0_123_0,MRSG_MAP,123,0.321,START,
0_124_0,MRSG_MAP,124,0.324,START,
0_125_0,MRSG_MAP,125,0.327,START,
0_126_0,MRSG_MAP,126,0.329,START,
0_127_0,MRSG_MAP,127,0.332,START,
0_128_0,MRSG_MAP,128,0.334,START,
0_129_0,MRSG_MAP,129,0.337,START,
0_130_0,MRSG_MAP,130,0.340,START,
0_131_0,MRSG_MAP,131,0.342,START,
0_132_0,MRSG_MAP,132,0.345,START,
0_133_0,MRSG_MAP,133,0.347,START,
0_134_0,MRSG_MAP,134,0.350,START,
0_135_0,MRSG_MAP,135,0.353,START,
0_0_0,MRSG_MAP,0,416.004,END,0.000
0_1_0,MRSG_MAP,1,416.007,END,0.000
0_2_0,MRSG_MAP,2,416.009,END,0.000
0_3_0,MRSG_MAP,3,416.012,END,0.000
0_4_0,MRSG_MAP,4,416.014,END,0.000
0_5_0,MRSG_MAP,5,416.017,END,0.000
0_6_0,MRSG_MAP,6,416.020,END,0.000
0_7_0,MRSG_MAP,7,416.022,END,0.000
0_8_0,MRSG_MAP,8,416.025,END,0.000
0_9_0,MRSG_MAP,9,416.027,END,0.000
0_10_0,MRSG_MAP,10,416.030,END,0.000
0_11_0,MRSG_MAP,11,416.033,END,0.000
0_12_0,MRSG_MAP,12,416.035,END,0.000
0_13_0,MRSG_MAP,13,416.038,END,0.000
0_14_0,MRSG_MAP,14,416.040,END,0.000
0_15_0,MRSG_MAP,15,416.043,END,0.000
0_16_0,MRSG_MAP,16,416.046,END,0.000
0_17_0,MRSG_MAP,17,416.048,END,0.000
0_18_0,MRSG_MAP,18,416.051,END,0.000
0_19_0,MRSG_MAP,19,416.053,END,0.000
0_20_0,MRSG_MAP,20,416.056,END,0.000
0_21_0,MRSG_MAP,21,416.059,END,0.000
0_22_0,MRSG_MAP,22,416.061,END,0.000
0_23_0,MRSG_MAP,23,416.064,END,0.000
0_24_0,MRSG_MAP,24,416.066,END,0.000
0_25_0,MRSG_MAP,25,416.069,END,0.000
0_26_0,MRSG_MAP,26,416.072,END,0.000
0_27_0,MRSG_MAP,27,416.074,END,0.000
0_28_0,MRSG_MAP,28,416.077,END,0.000
0_29_0,MRSG_MAP,29,416.079,END,0.000
0_30_0,MRSG_MAP,30,416.082,END,0.000
0_31_0,MRSG_MAP,31,416.085,END,0.000
0_32_0,MRSG_MAP,32,416.087,END,0.000
0_33_0,MRSG_MAP,33,416.090,END,0.000
0_34_0,MRSG_MAP,34,416.092,END,0.000
0_35_0,MRSG_MAP,35,416.095,END,0.000
0_36_0,MRSG_MAP,36,416.098,END,0.000
0_37_0,MRSG_MAP,37,416.100,END,0.000
0_38_0,MRSG_MAP,38,416.103,END,0.000
0_39_0,MRSG_MAP,39,416.105,END,0.000
0_40_0,MRSG_MAP,40,416.108,END,0.000
0_41_0,MRSG_MAP,41,416.111,END,0.000
0_42_0,MRSG_MAP,42,416.113,END,0.000
0_43_0,MRSG_MAP,43,416.116,END,0.000
0_44_0,MRSG_MAP,44,416.118,END,0.000
0_45_0,MRSG_MAP,45,416.121,END,0.000
0_46_0,MRSG_MAP,46,416.124,END,0.000
0_47_0,MRSG_MAP,47,416.126,END,0.000
0_48_0,MRSG_MAP,48,416.129,END,0.000
0_49_0,MRSG_MAP,49,416.131,END,0.000
0_50_0,MRSG_MAP,50,416.134,END,0.000
0_51_0,MRSG_MAP,51,416.137,END,0.000
0_52_0,MRSG_MAP,52,416.139,END,0.000
0_53_0,MRSG_MAP,53,416.142,END,0.000
0_54_0,MRSG_MAP,54,416.144,END,0.000
0_55_0,MRSG_MAP,55,416.147,END,0.000
0_56_0,MRSG_MAP,56,416.150,END,0.000
0_57_0,MRSG_MAP,57,416.152,END,0.000
0_58_0,MRSG_MAP,58,416.155,END,0.000
0_59_0,MRSG_MAP,59,416.157,END,0.000
0_60_0,MRSG_MAP,60,416.160,END,0.000
0_61_0,MRSG_MAP,61,416.163,END,0.000
0_62_0,MRSG_MAP,62,416.165,END,0.000
0_63_0,MRSG_MAP,63,416.168,END,0.000
0_64_0,MRSG_MAP,64,416.170,END,0.000
0_65_0,MRSG_MAP,65,416.173,END,0.000
0_66_0,MRSG_MAP,66,416.176,END,0.000
0_67_0,MRSG_MAP,67,416.178,END,0.000
0_68_0,MRSG_MAP,68,416.181,END,0.000
0_69_0,MRSG_MAP,69,416.183,END,0.000
0_70_0,MRSG_MAP,70,416.186,END,0.000
0_71_0,MRSG_MAP,71,416.189,END,0.000
0_72_0,MRSG_MAP,72,416.191,END,0.000
0_73_0,MRSG_MAP,73,416.194,END,0.000
0_74_0,MRSG_MAP,74,416.196,END,0.000
0_75_0,MRSG_MAP,75,416.199,END,0.000
0_76_0,MRSG_MAP,76,416.202,END,0.000
0_77_0,MRSG_MAP,77,416.204,END,0.000
0_78_0,MRSG_MAP,78,416.207,END,0.000
0_79_0,MRSG_MAP,79,416.209,END,0.000
0_80_0,MRSG_MAP,80,416.212,END,0.000
0_81_0,MRSG_MAP,81,416.215,END,0.000
0_82_0,MRSG_MAP,82,416.217,END,0.000
0_83_0,MRSG_MAP,83,416.220,END,0.000
0_84_0,MRSG_MAP,84,416.222,END,0.000
0_85_0,MRSG_MAP,85,416.225,END,0.000
0_86_0,MRSG_MAP,86,416.228,END,0.000
0_87_0,MRSG_MAP,87,416.230,END,0.000
0_88_0,MRSG_MAP,88,416.233,END,0.000
0_89_0,MRSG_MAP,89,416.235,END,0.000
0_90_0,MRSG_MAP,90,416.238,END,0.000
0_91_0,MRSG_MAP,91,416.241,END,0.000
0_92_0,MRSG_MAP,92,416.243,END,0.000
0_93_0,MRSG_MAP,93,416.246,END,0.000
0_94_0,MRSG_MAP,94,416.248,END,0.000
0_95_0,MRSG_MAP,95,416.251,END,0.000
0_96_0,MRSG_MAP,96,416.254,END,0.000
0_97_0,MRSG_MAP,97,416.256,END,0.000
0_98_0,MRSG_MAP,98,416.259,END,0.000
0_99_0,MRSG_MAP,99,416.262,END,0.000
0_100_0,MRSG_MAP,100,416.264,END,0.000
0_101_0,MRSG_MAP,101,416.267,END,0.000
0_102_0,MRSG_MAP,102,416.269,END,0.000
0_103_0,MRSG_MAP,103,416.272,END,0.000
0_104_0,MRSG_MAP,104,416.275,END,0.000
0_105_0,MRSG_MAP,105,416.277,END,0.000
0_106_0,MRSG_MAP,106,416.280,END,0.000
0_107_0,MRSG_MAP,107,416.282,END,0.000
0_108_0,MRSG_MAP,108,416.285,END,0.000
0_109_0,MRSG_MAP,109,416.288,END,0.000
0_110_0,MRSG_MAP,110,416.290,END,0.000
0_111_0,MRSG_MAP,111,416.293,END,0.000
0_112_0,MRSG_MAP,112,416.295,END,0.000
0_113_0,MRSG_MAP,113,416.298,END,0.000
0_114_0,MRSG_MAP,114,416.301,END,0.000
0_115_0,MRSG_MAP,115,416.303,END,0.000
0_116_0,MRSG_MAP,116,416.306,END,0.000
0_117_0,MRSG_MAP,117,416.308,END,0.000
0_118_0,MRSG_MAP,118,416.311,END,0.000
0_119_0,MRSG_MAP,119,416.314,END,0.000
0_120_0,MRSG_MAP,120,416.316,END,0.000
0_121_0,MRSG_MAP,121,416.319,END,0.000
0_122_0,MRSG_MAP,122,416.321,END,0.000
0_123_0,MRSG_MAP,123,416.324,END,0.000
0_124_0,MRSG_MAP,124,416.327,END,0.000
0_125_0,MRSG_MAP,125,416.329,END,0.000
0_126_0,MRSG_MAP,126,416.332,END,0.000
0_127_0,MRSG_MAP,127,416.334,END,0.000
0_128_0,MRSG_MAP,128,416.337,END,0.000
0_129_0,MRSG_MAP,129,416.340,END,0.000
0_130_0,MRSG_MAP,130,416.342,END,0.000
0_131_0,MRSG_MAP,131,416.345,END,0.000
0_132_0,MRSG_MAP,132,416.347,END,0.000
0_133_0,MRSG_MAP,133,416.350,END,0.000
0_134_0,MRSG_MAP,134,416.353,END,0.000
0_135_0,MRSG_MAP,135,416.355,END,0.000
1_0_0,MRSG_REDUCE,0,417.182,START,
1_1_0,MRSG_REDUCE,1,417.185,START,
1_2_0,MRSG_REDUCE,2,417.187,START,
1_3_0,MRSG_REDUCE,3,417.190,START,
1_4_0,MRSG_REDUCE,4,417.193,START,
1_5_0,MRSG_REDUCE,5,417.195,START,
1_6_0,MRSG_REDUCE,6,417.198,START,
1_7_0,MRSG_REDUCE,7,417.200,START,
1_8_0,MRSG_REDUCE,8,417.203,START,
1_9_0,MRSG_REDUCE,9,417.206,START,
1_10_0,MRSG_REDUCE,10,417.208,START,
1_11_0,MRSG_REDUCE,11,417.211,START,
1_12_0,MRSG_REDUCE,12,417.213,START,
1_13_0,MRSG_REDUCE,13,417.216,START,
1_14_0,MRSG_REDUCE,14,417.219,START,
1_15_0,MRSG_REDUCE,15,417.221,START,
1_16_0,MRSG_REDUCE,16,417.224,START,
1_17_0,MRSG_REDUCE,17,417.226,START,
1_18_0,MRSG_REDUCE,18,417.229,START,
1_19_0,MRSG_REDUCE,19,417.232,START,
1_20_0,MRSG_REDUCE,20,417.234,START,
1_21_0,MRSG_REDUCE,21,417.237,START,
1_22_0,MRSG_REDUCE,22,417.239,START,
1_23_0,MRSG_REDUCE,23,417.242,START,
1_24_0,MRSG_REDUCE,24,417.245,START,
1_25_0,MRSG_REDUCE,25,417.247,START,
1_26_0,MRSG_REDUCE,26,417.250,START,
1_27_0,MRSG_REDUCE,27,417.252,START,
1_28_0,MRSG_REDUCE,28,417.255,START,
1_29_0,MRSG_REDUCE,29,417.258,START,
1_30_0,MRSG_REDUCE,30,417.260,START,
1_31_0,MRSG_REDUCE,31,417.263,START,
1_32_0,MRSG_REDUCE,32,417.265,START,
1_33_0,MRSG_REDUCE,33,417.268,START,
1_34_0,MRSG_REDUCE,34,417.271,START,
1_35_0,MRSG_REDUCE,35,417.273,START,
1_36_0,MRSG_REDUCE,36,417.276,START,
1_37_0,MRSG_REDUCE,37,417.278,START,
1_38_0,MRSG_REDUCE,38,417.281,START,
1_39_0,MRSG_REDUCE,39,417.284,START,
1_40_0,MRSG_REDUCE,40,417.286,START,
1_41_0,MRSG_REDUCE,41,417.289,START,
1_42_0,MRSG_REDUCE,42,417.291,START,
1_43_0,MRSG_REDUCE,43,417.294,START,
1_44_0,MRSG_REDUCE,44,417.297,START,
1_45_0,MRSG_REDUCE,45,417.299,START,
1_46_0,MRSG_REDUCE,46,417.302,START,
1_47_0,MRSG_REDUCE,47,417.304,START,
1_48_0,MRSG_REDUCE,48,417.307,START,
1_49_0,MRSG_REDUCE,49,417.310,START,
1_50_0,MRSG_REDUCE,50,417.312,START,
1_51_0,MRSG_REDUCE,51,417.315,START,
1_52_0,MRSG_REDUCE,52,417.317,START,
1_53_0,MRSG_REDUCE,53,417.320,START,
1_54_0,MRSG_REDUCE,54,417.323,START,
1_55_0,MRSG_REDUCE,55,417.325,START,
1_56_0,MRSG_REDUCE,56,417.328,START,
1_57_0,MRSG_REDUCE,57,417.330,START,
1_58_0,MRSG_REDUCE,58,417.333,START,
1_59_0,MRSG_REDUCE,59,417.336,START,
1_60_0,MRSG_REDUCE,60,417.338,START,
1_61_0,MRSG_REDUCE,61,417.341,START,
1_62_0,MRSG_REDUCE,62,417.343,START,
1_63_0,MRSG_REDUCE,63,417.346,START,
1_64_0,MRSG_REDUCE,64,417.349,START,
1_65_0,MRSG_REDUCE,65,417.351,START,
1_66_0,MRSG_REDUCE,66,417.354,START,
1_67_0,MRSG_REDUCE,67,417.356,START,
1_68_0,MRSG_REDUCE,68,417.359,START,
1_69_0,MRSG_REDUCE,69,417.362,START,
1_70_0,MRSG_REDUCE,70,417.364,START,
1_71_0,MRSG_REDUCE,71,417.367,START,
1_72_0,MRSG_REDUCE,72,417.369,START,
1_73_0,MRSG_REDUCE,73,417.372,START,
1_74_0,MRSG_REDUCE,74,417.375,START,
1_75_0,MRSG_REDUCE,75,417.377,START,
1_76_0,MRSG_REDUCE,76,417.380,START,
1_77_0,MRSG_REDUCE,77,417.382,START,
1_78_0,MRSG_REDUCE,78,417.385,START,
1_79_0,MRSG_REDUCE,79,417.388,START,
1_80_0,MRSG_REDUCE,80,417.390,START,
1_81_0,MRSG_REDUCE,81,417.393,START,
1_82_0,MRSG_REDUCE,82,417.396,START,
1_83_0,MRSG_REDUCE,83,417.398,START,
1_84_0,MRSG_REDUCE,84,417.401,START,
1_85_0,MRSG_REDUCE,85,417.403,START,
1_86_0,MRSG_REDUCE,86,417.406,START,
1_87_0,MRSG_REDUCE,87,417.409,START,
1_88_0,MRSG_REDUCE,88,417.411,START,
1_89_0,MRSG_REDUCE,89,417.414,START,
1_90_0,MRSG_REDUCE,90,417.416,START,
1_91_0,MRSG_REDUCE,91,417.419,START,
1_92_0,MRSG_REDUCE,92,417.422,START,
1_93_0,MRSG_REDUCE,93,417.424,START,
1_94_0,MRSG_REDUCE,94,417.427,START,
1_95_0,MRSG_REDUCE,95,417.429,START,
1_96_0,MRSG_REDUCE,96,417.432,START,
1_97_0,MRSG_REDUCE,97,417.435,START,
1_98_0,MRSG_REDUCE,98,417.437,START,
1_99_0,MRSG_REDUCE,99,417.440,START,
1_100_0,MRSG_REDUCE,100,417.442,START,
1_101_0,MRSG_REDUCE,101,417.445,START,
1_102_0,MRSG_REDUCE,102,417.448,START,
1_103_0,MRSG_REDUCE,103,417.450,START,
1_104_0,MRSG_REDUCE,104,417.453,START,
1_105_0,MRSG_REDUCE,105,417.455,START,
1_106_0,MRSG_REDUCE,106,417.458,START,
1_107_0,MRSG_REDUCE,107,417.461,START,
1_108_0,MRSG_REDUCE,108,417.463,START,
1_109_0,MRSG_REDUCE,109,417.466,START,
1_110_0,MRSG_REDUCE,110,417.468,START,
1_111_0,MRSG_REDUCE,111,417.471,START,
1_112_0,MRSG_REDUCE,112,417.474,START,
1_113_0,MRSG_REDUCE,113,417.476,START,
1_114_0,MRSG_REDUCE,114,417.479,START,
1_115_0,MRSG_REDUCE,115,417.481,START,
1_116_0,MRSG_REDUCE,116,417.484,START,
1_117_0,MRSG_REDUCE,117,417.487,START,
1_118_0,MRSG_REDUCE,118,417.489,START,
1_119_0,MRSG_REDUCE,119,417.492,START,
1_120_0,MRSG_REDUCE,120,417.494,START,
1_121_0,MRSG_REDUCE,121,417.497,START,
1_122_0,MRSG_REDUCE,122,417.500,START,
1_123_0,MRSG_REDUCE,123,417.502,START,
1_124_0,MRSG_REDUCE,124,417.505,START,
1_125_0,MRSG_REDUCE,125,417.507,START,
1_126_0,MRSG_REDUCE,126,417.510,START,
1_127_0,MRSG_REDUCE,127,417.513,START,
1_128_0,MRSG_REDUCE,128,417.515,START,
1_129_0,MRSG_REDUCE,129,417.518,START,
1_130_0,MRSG_REDUCE,130,417.520,START,
1_131_0,MRSG_REDUCE,131,417.523,START,
1_132_0,MRSG_REDUCE,132,417.526,START,
1_133_0,MRSG_REDUCE,133,417.528,START,
1_134_0,MRSG_REDUCE,134,417.531,START,
1_135_0,MRSG_REDUCE,135,417.533,START,
1_136_0,MRSG_REDUCE,136,417.536,START,
1_137_0,MRSG_REDUCE,137,417.539,START,
1_138_0,MRSG_REDUCE,138,417.541,START,
1_139_0,MRSG_REDUCE,139,417.544,START,
1_140_0,MRSG_REDUCE,140,417.546,START,
1_141_0,MRSG_REDUCE,141,417.549,START,
1_142_0,MRSG_REDUCE,142,417.552,START,
1_143_0,MRSG_REDUCE,143,417.554,START,
1_144_0,MRSG_REDUCE,144,417.557,START,
1_145_0,MRSG_REDUCE,145,417.559,START,
1_146_0,MRSG_REDUCE,146,417.562,START,
1_147_0,MRSG_REDUCE,147,417.565,START,
1_148_0,MRSG_REDUCE,148,417.567,START,
1_149_0,MRSG_REDUCE,149,417.570,START,
1_150_0,MRSG_REDUCE,150,417.572,START,
1_151_0,MRSG_REDUCE,151,417.575,START,
1_152_0,MRSG_REDUCE,152,417.578,START,
1_153_0,MRSG_REDUCE,153,417.580,START,
1_154_0,MRSG_REDUCE,154,417.583,START,
1_155_0,MRSG_REDUCE,155,417.585,START,
1_156_0,MRSG_REDUCE,156,417.588,START,
1_157_0,MRSG_REDUCE,157,417.591,START,
1_158_0,MRSG_REDUCE,158,417.593,START,
1_159_0,MRSG_REDUCE,159,417.596,START,
1_160_0,MRSG_REDUCE,160,417.598,START,
1_161_0,MRSG_REDUCE,161,417.601,START,
1_162_0,MRSG_REDUCE,162,417.604,START,
1_163_0,MRSG_REDUCE,163,417.606,START,
1_164_0,MRSG_REDUCE,164,417.609,START,
1_165_0,MRSG_REDUCE,165,417.611,START,
1_166_0,MRSG_REDUCE,166,417.614,START,
1_167_0,MRSG_REDUCE,167,417.617,START,
1_168_0,MRSG_REDUCE,168,417.619,START,
1_169_0,MRSG_REDUCE,169,417.622,START,
1_170_0,MRSG_REDUCE,170,417.624,START,
1_171_0,MRSG_REDUCE,171,417.627,START,
1_172_0,MRSG_REDUCE,172,417.630,START,
1_173_0,MRSG_REDUCE,173,417.632,START,
1_174_0,MRSG_REDUCE,174,417.635,START,
1_175_0,MRSG_REDUCE,175,417.637,START,
1_176_0,MRSG_REDUCE,176,417.640,START,
1_177_0,MRSG_REDUCE,177,417.643,START,
1_178_0,MRSG_REDUCE,178,417.645,START,
1_179_0,MRSG_REDUCE,179,417.648,START,
1_180_0,MRSG_REDUCE,180,417.650,START,
1_181_0,MRSG_REDUCE,181,417.653,START,
1_182_0,MRSG_REDUCE,182,417.656,START,
1_183_0,MRSG_REDUCE,183,417.658,START,
1_184_0,MRSG_REDUCE,184,417.661,START,
1_185_0,MRSG_REDUCE,185,417.664,START,
1_186_0,MRSG_REDUCE,186,417.666,START,
1_187_0,MRSG_REDUCE,187,417.669,START,
1_188_0,MRSG_REDUCE,188,417.671,START,
1_189_0,MRSG_REDUCE,189,417.674,START,
1_190_0,MRSG_REDUCE,190,417.677,START,
1_191_0,MRSG_REDUCE,191,417.679,START,
1_192_0,MRSG_REDUCE,192,417.682,START,
1_193_0,MRSG_REDUCE,193,417.684,START,
1_194_0,MRSG_REDUCE,194,417.687,START,
1_195_0,MRSG_REDUCE,195,417.690,START,
1_196_0,MRSG_REDUCE,196,417.692,START,
1_197_0,MRSG_REDUCE,197,417.695,START,
1_198_0,MRSG_REDUCE,198,417.697,START,
1_199_0,MRSG_REDUCE,199,417.700,START,
1_200_0,MRSG_REDUCE,200,417.703,START,
1_201_0,MRSG_REDUCE,201,417.705,START,
1_202_0,MRSG_REDUCE,202,417.708,START,
1_203_0,MRSG_REDUCE,203,417.710,START,
1_204_0,MRSG_REDUCE,204,417.713,START,
1_205_0,MRSG_REDUCE,205,417.716,START,
1_206_0,MRSG_REDUCE,206,417.718,START,
1_207_0,MRSG_REDUCE,207,417.721,START,
1_208_0,MRSG_REDUCE,208,417.723,START,
1_209_0,MRSG_REDUCE,209,417.726,START,
1_210_0,MRSG_REDUCE,210,417.729,START,
1_211_0,MRSG_REDUCE,211,417.731,START,
1_212_0,MRSG_REDUCE,212,417.734,START,
1_213_0,MRSG_REDUCE,213,417.736,START,
1_214_0,MRSG_REDUCE,214,417.739,START,
1_215_0,MRSG_REDUCE,215,417.742,START,
1_216_0,MRSG_REDUCE,216,417.744,START,
1_217_0,MRSG_REDUCE,217,417.747,START,
1_218_0,MRSG_REDUCE,218,417.749,START,
1_219_0,MRSG_REDUCE,219,417.752,START,
1_220_0,MRSG_REDUCE,220,417.755,START,
1_221_0,MRSG_REDUCE,221,417.757,START,
1_222_0,MRSG_REDUCE,222,417.760,START,
1_223_0,MRSG_REDUCE,223,417.762,START,
1_224_0,MRSG_REDUCE,224,417.765,START,
1_225_0,MRSG_REDUCE,225,417.768,START,
1_226_0,MRSG_REDUCE,226,417.770,START,
1_227_0,MRSG_REDUCE,227,417.773,START,
1_228_0,MRSG_REDUCE,228,417.775,START,
1_229_0,MRSG_REDUCE,229,417.778,START,
1_230_0,MRSG_REDUCE,230,417.781,START,
1_231_0,MRSG_REDUCE,231,417.783,START,
1_232_0,MRSG_REDUCE,232,417.786,START,
1_233_0,MRSG_REDUCE,233,417.788,START,
1_234_0,MRSG_REDUCE,234,417.791,START,
1_235_0,MRSG_REDUCE,235,417.794,START,
1_236_0,MRSG_REDUCE,236,417.796,START,
1_237_0,MRSG_REDUCE,237,417.799,START,
1_238_0,MRSG_REDUCE,238,417.801,START,
1_239_0,MRSG_REDUCE,239,417.804,START,
1_240_0,MRSG_REDUCE,240,417.807,START,
1_241_0,MRSG_REDUCE,241,417.809,START,
1_242_0,MRSG_REDUCE,242,417.812,START,
1_243_0,MRSG_REDUCE,243,417.814,START,
1_244_0,MRSG_REDUCE,244,417.817,START,
1_245_0,MRSG_REDUCE,245,417.820,START,
1_246_0,MRSG_REDUCE,246,417.822,START,
1_247_0,MRSG_REDUCE,247,417.825,START,
1_248_0,MRSG_REDUCE,248,417.827,START,
1_249_0,MRSG_REDUCE,249,417.830,START,
1_250_0,MRSG_REDUCE,250,417.833,START,
1_251_0,MRSG_REDUCE,251,417.835,START,
1_252_0,MRSG_REDUCE,252,417.838,START,
1_253_0,MRSG_REDUCE,253,417.840,START,
1_254_0,MRSG_REDUCE,254,417.843,START,
1_255_0,MRSG_REDUCE,255,417.846,START,
1_256_0,MRSG_REDUCE,0,420.183,START,
1_257_0,MRSG_REDUCE,1,420.186,START,
1_258_0,MRSG_REDUCE,2,420.189,START,
1_259_0,MRSG_REDUCE,3,420.191,START,
1_260_0,MRSG_REDUCE,4,420.194,START,
1_261_0,MRSG_REDUCE,5,420.196,START,
1_262_0,MRSG_REDUCE,6,420.199,START,
1_263_0,MRSG_REDUCE,7,420.202,START,
1_264_0,MRSG_REDUCE,8,420.204,START,
1_265_0,MRSG_REDUCE,9,420.207,START,
1_266_0,MRSG_REDUCE,10,420.209,START,
1_267_0,MRSG_REDUCE,11,420.212,START,
1_268_0,MRSG_REDUCE,12,420.215,START,
1_269_0,MRSG_REDUCE,13,420.217,START,
1_270_0,MRSG_REDUCE,14,420.220,START,
1_271_0,MRSG_REDUCE,15,420.222,START,
1_272_0,MRSG_REDUCE,16,420.225,START,
1_273_0,MRSG_REDUCE,17,420.228,START,
1_274_0,MRSG_REDUCE,18,420.230,START,
1_275_0,MRSG_REDUCE,19,420.233,START,
1_276_0,MRSG_REDUCE,20,420.235,START,
1_277_0,MRSG_REDUCE,21,420.238,START,
1_278_0,MRSG_REDUCE,22,420.241,START,
1_279_0,MRSG_REDUCE,23,420.243,START,
1_280_0,MRSG_REDUCE,24,420.246,START,
1_281_0,MRSG_REDUCE,25,420.248,START,
1_282_0,MRSG_REDUCE,26,420.251,START,
1_283_0,MRSG_REDUCE,27,420.254,START,
1_284_0,MRSG_REDUCE,28,420.256,START,
1_285_0,MRSG_REDUCE,29,420.259,START,
1_286_0,MRSG_REDUCE,30,420.262,START,
1_287_0,MRSG_REDUCE,31,420.264,START,
1_288_0,MRSG_REDUCE,32,420.267,START,
1_289_0,MRSG_REDUCE,33,420.269,START,
1_290_0,MRSG_REDUCE,34,420.272,START,
1_291_0,MRSG_REDUCE,35,420.275,START,
1_292_0,MRSG_REDUCE,36,420.277,START,
1_293_0,MRSG_REDUCE,37,420.280,START,
1_294_0,MRSG_REDUCE,38,420.282,START,
1_295_0,MRSG_REDUCE,39,420.285,START,
1_296_0,MRSG_REDUCE,40,420.288,START,
1_297_0,MRSG_REDUCE,41,420.290,START,
1_298_0,MRSG_REDUCE,42,420.293,START,
1_299_0,MRSG_REDUCE,43,420.295,START,
1_300_0,MRSG_REDUCE,44,420.298,START,
1_301_0,MRSG_REDUCE,45,420.301,START,
1_302_0,MRSG_REDUCE,46,420.303,START,
1_303_0,MRSG_REDUCE,47,420.306,START,
1_304_0,MRSG_REDUCE,48,420.308,START,
1_305_0,MRSG_REDUCE,49,420.311,START,
1_306_0,MRSG_REDUCE,50,420.314,START,
1_307_0,MRSG_REDUCE,51,420.316,START,
1_308_0,MRSG_REDUCE,52,420.319,START,
1_309_0,MRSG_REDUCE,53,420.321,START,
1_310_0,MRSG_REDUCE,54,420.324,START,
1_311_0,MRSG_REDUCE,55,420.327,START,
1_312_0,MRSG_REDUCE,56,420.329,START,
1_313_0,MRSG_REDUCE,57,420.332,START,
1_314_0,MRSG_REDUCE,58,420.334,START,
1_315_0,MRSG_REDUCE,59,420.337,START,
1_316_0,MRSG_REDUCE,60,420.340,START,
1_317_0,MRSG_REDUCE,61,420.342,START,
1_318_0,MRSG_REDUCE,62,420.345,START,
1_319_0,MRSG_REDUCE,63,420.347,START,
1_320_0,MRSG_REDUCE,64,420.350,START,
1_321_0,MRSG_REDUCE,65,420.353,START,
1_322_0,MRSG_REDUCE,66,420.355,START,
1_323_0,MRSG_REDUCE,67,420.358,START,
1_324_0,MRSG_REDUCE,68,420.360,START,
1_325_0,MRSG_REDUCE,69,420.363,START,
1_326_0,MRSG_REDUCE,70,420.366,START,
1_327_0,MRSG_REDUCE,71,420.368,START,
1_328_0,MRSG_REDUCE,72,420.371,START,
1_329_0,MRSG_REDUCE,73,420.373,START,
1_330_0,MRSG_REDUCE,74,420.376,START,
1_331_0,MRSG_REDUCE,75,420.379,START,
1_332_0,MRSG_REDUCE,76,420.381,START,
1_333_0,MRSG_REDUCE,77,420.384,START,
1_334_0,MRSG_REDUCE,78,420.386,START,
1_335_0,MRSG_REDUCE,79,420.389,START,
1_336_0,MRSG_REDUCE,80,420.392,START,
1_337_0,MRSG_REDUCE,81,420.394,START,
1_338_0,MRSG_REDUCE,82,420.397,START,
1_339_0,MRSG_REDUCE,83,420.399,START,
1_340_0,MRSG_REDUCE,84,420.402,START,
1_341_0,MRSG_REDUCE,85,420.405,START,
1_342_0,MRSG_REDUCE,86,420.407,START,
1_343_0,MRSG_REDUCE,87,420.410,START,
1_344_0,MRSG_REDUCE,88,420.412,START,
1_345_0,MRSG_REDUCE,89,420.415,START,
1_346_0,MRSG_REDUCE,90,420.418,START,
1_347_0,MRSG_REDUCE,91,420.420,START,
1_348_0,MRSG_REDUCE,92,420.423,START,
1_349_0,MRSG_REDUCE,93,420.425,START,
1_350_0,MRSG_REDUCE,94,420.428,START,
1_351_0,MRSG_REDUCE,95,420.431,START,
1_352_0,MRSG_REDUCE,96,420.433,START,
1_353_0,MRSG_REDUCE,97,420.436,START,
1_354_0,MRSG_REDUCE,98,420.438,START,
1_355_0,MRSG_REDUCE,99,420.441,START,
1_356_0,MRSG_REDUCE,100,420.444,START,
1_357_0,MRSG_REDUCE,101,420.446,START,
1_358_0,MRSG_REDUCE,102,420.449,START,
1_359_0,MRSG_REDUCE,103,420.451,START,
1_360_0,MRSG_REDUCE,104,420.454,START,
1_361_0,MRSG_REDUCE,105,420.457,START,
1_362_0,MRSG_REDUCE,106,420.459,START,
1_363_0,MRSG_REDUCE,107,420.462,START,
1_364_0,MRSG_REDUCE,108,420.464,START,
1_365_0,MRSG_REDUCE,109,420.467,START,
1_366_0,MRSG_REDUCE,110,420.470,START,
1_367_0,MRSG_REDUCE,111,420.472,START,
1_368_0,MRSG_REDUCE,112,420.475,START,
1_369_0,MRSG_REDUCE,113,420.477,START,
1_370_0,MRSG_REDUCE,114,420.480,START,
1_371_0,MRSG_REDUCE,115,420.483,START,
1_372_0,MRSG_REDUCE,116,420.485,START,
1_373_0,MRSG_REDUCE,117,420.488,START,
1_374_0,MRSG_REDUCE,118,420.490,START,
1_375_0,MRSG_REDUCE,119,420.493,START,
1_376_0,MRSG_REDUCE,120,420.496,START,
1_377_0,MRSG_REDUCE,121,420.498,START,
1_378_0,MRSG_REDUCE,122,420.501,START,
1_379_0,MRSG_REDUCE,123,420.503,START,
1_380_0,MRSG_REDUCE,124,420.506,START,
1_381_0,MRSG_REDUCE,125,420.509,START,
1_382_0,MRSG_REDUCE,126,420.511,START,
1_383_0,MRSG_REDUCE,127,420.514,START,
1_384_0,MRSG_REDUCE,128,420.516,START,
1_385_0,MRSG_REDUCE,129,420.519,START,
1_386_0,MRSG_REDUCE,130,420.522,START,
1_387_0,MRSG_REDUCE,131,420.524,START,
1_388_0,MRSG_REDUCE,132,420.527,START,
1_389_0,MRSG_REDUCE,133,420.530,START,
1_390_0,MRSG_REDUCE,134,420.532,START,
1_391_0,MRSG_REDUCE,135,420.535,START,
1_392_0,MRSG_REDUCE,136,420.537,START,
1_393_0,MRSG_REDUCE,137,420.540,START,
1_394_0,MRSG_REDUCE,138,420.543,START,
1_395_0,MRSG_REDUCE,139,420.545,START,
1_396_0,MRSG_REDUCE,140,420.548,START,
1_397_0,MRSG_REDUCE,141,420.550,START,
1_398_0,MRSG_REDUCE,142,420.553,START,
1_399_0,MRSG_REDUCE,143,420.556,START,
1_400_0,MRSG_REDUCE,144,420.558,START,
1_401_0,MRSG_REDUCE,145,420.561,START,
1_402_0,MRSG_REDUCE,146,420.563,START,
1_403_0,MRSG_REDUCE,147,420.566,START,
1_404_0,MRSG_REDUCE,148,420.569,START,
1_405_0,MRSG_REDUCE,149,420.571,START,
1_406_0,MRSG_REDUCE,150,420.574,START,
1_407_0,MRSG_REDUCE,151,420.576,START,
1_408_0,MRSG_REDUCE,152,420.579,START,
1_409_0,MRSG_REDUCE,153,420.582,START,
1_410_0,MRSG_REDUCE,154,420.584,START,
1_411_0,MRSG_REDUCE,155,420.587,START,
1_412_0,MRSG_REDUCE,156,420.589,START,
1_413_0,MRSG_REDUCE,157,420.592,START,
1_414_0,MRSG_REDUCE,158,420.595,START,
1_415_0,MRSG_REDUCE,159,420.597,START,
1_416_0,MRSG_REDUCE,160,420.600,START,
1_417_0,MRSG_REDUCE,161,420.602,START,
1_418_0,MRSG_REDUCE,162,420.605,START,
1_419_0,MRSG_REDUCE,163,420.608,START,
1_420_0,MRSG_REDUCE,164,420.610,START,
1_421_0,MRSG_REDUCE,165,420.613,START,
1_422_0,MRSG_REDUCE,166,420.615,START,
1_423_0,MRSG_REDUCE,167,420.618,START,
1_424_0,MRSG_REDUCE,168,420.621,START,
1_425_0,MRSG_REDUCE,169,420.623,START,
1_426_0,MRSG_REDUCE,170,420.626,START,
1_427_0,MRSG_REDUCE,171,420.628,START,
1_428_0,MRSG_REDUCE,172,420.631,START,
1_429_0,MRSG_REDUCE,173,420.634,START,
1_430_0,MRSG_REDUCE,174,420.636,START,
1_431_0,MRSG_REDUCE,175,420.639,START,
1_432_0,MRSG_REDUCE,176,420.641,START,
1_433_0,MRSG_REDUCE,177,420.644,START,
1_434_0,MRSG_REDUCE,178,420.647,START,
1_435_0,MRSG_REDUCE,179,420.649,START,
1_436_0,MRSG_REDUCE,180,420.652,START,
1_437_0,MRSG_REDUCE,181,420.654,START,
1_438_0,MRSG_REDUCE,182,420.657,START,
1_439_0,MRSG_REDUCE,183,420.660,START,
1_440_0,MRSG_REDUCE,184,420.662,START,
1_441_0,MRSG_REDUCE,185,420.665,START,
1_442_0,MRSG_REDUCE,186,420.667,START,
1_443_0,MRSG_REDUCE,187,420.670,START,
1_444_0,MRSG_REDUCE,188,420.673,START,
1_445_0,MRSG_REDUCE,189,420.675,START,
1_446_0,MRSG_REDUCE,190,420.678,START,
1_447_0,MRSG_REDUCE,191,420.680,START,
1_448_0,MRSG_REDUCE,192,420.683,START,
1_449_0,MRSG_REDUCE,193,420.686,START,
1_450_0,MRSG_REDUCE,194,420.688,START,
1_451_0,MRSG_REDUCE,195,420.691,START,
1_452_0,MRSG_REDUCE,196,420.693,START,
1_453_0,MRSG_REDUCE,197,420.696,START,
1_454_0,MRSG_REDUCE,198,420.699,START,
1_455_0,MRSG_REDUCE,199,420.701,START,
1_456_0,MRSG_REDUCE,200,420.704,START,
1_457_0,MRSG_REDUCE,201,420.706,START,
1_458_0,MRSG_REDUCE,202,420.709,START,
1_459_0,MRSG_REDUCE,203,420.712,START,
1_460_0,MRSG_REDUCE,204,420.714,START,
1_461_0,MRSG_REDUCE,205,420.717,START,
1_462_0,MRSG_REDUCE,206,420.719,START,
1_463_0,MRSG_REDUCE,207,420.722,START,
1_464_0,MRSG_REDUCE,208,420.725,START,
1_465_0,MRSG_REDUCE,209,420.727,START,
1_466_0,MRSG_REDUCE,210,420.730,START,
1_467_0,MRSG_REDUCE,211,420.732,START,
1_468_0,MRSG_REDUCE,212,420.735,START,
1_469_0,MRSG_REDUCE,213,420.738,START,
1_470_0,MRSG_REDUCE,214,420.740,START,
1_471_0,MRSG_REDUCE,215,420.743,START,
1_472_0,MRSG_REDUCE,216,420.745,START,
1_473_0,MRSG_REDUCE,217,420.748,START,
1_474_0,MRSG_REDUCE,218,420.751,START,
1_475_0,MRSG_REDUCE,219,420.753,START,
1_476_0,MRSG_REDUCE,220,420.756,START,
1_477_0,MRSG_REDUCE,221,420.758,START,
1_478_0,MRSG_REDUCE,222,420.761,START,
1_479_0,MRSG_REDUCE,223,420.764,START,
1_480_0,MRSG_REDUCE,224,420.766,START,
1_481_0,MRSG_REDUCE,225,420.769,START,
1_482_0,MRSG_REDUCE,226,420.771,START,
1_483_0,MRSG_REDUCE,227,420.774,START,
1_484_0,MRSG_REDUCE,228,420.777,START,
1_485_0,MRSG_REDUCE,229,420.779,START,
1_486_0,MRSG_REDUCE,230,420.782,START,
1_487_0,MRSG_REDUCE,231,420.785,START,
1_488_0,MRSG_REDUCE,232,420.787,START,
1_489_0,MRSG_REDUCE,233,420.790,START,
1_490_0,MRSG_REDUCE,234,420.792,START,
1_491_0,MRSG_REDUCE,235,420.795,START,
1_492_0,MRSG_REDUCE,236,420.798,START,
1_493_0,MRSG_REDUCE,237,420.800,START,
1_494_0,MRSG_REDUCE,238,420.803,START,
1_495_0,MRSG_REDUCE,239,420.805,START,
1_496_0,MRSG_REDUCE,240,420.808,START,
1_497_0,MRSG_REDUCE,241,420.811,START,
1_498_0,MRSG_REDUCE,242,420.813,START,
1_499_0,MRSG_REDUCE,243,420.816,START,
1_500_0,MRSG_REDUCE,244,420.818,START,
1_501_0,MRSG_REDUCE,245,420.821,START,
1_502_0,MRSG_REDUCE,246,420.824,START,
1_503_0,MRSG_REDUCE,247,420.826,START,
1_504_0,MRSG_REDUCE,248,420.829,START,
1_505_0,MRSG_REDUCE,249,420.831,START,
1_506_0,MRSG_REDUCE,250,420.834,START,
1_507_0,MRSG_REDUCE,251,420.837,START,
1_508_0,MRSG_REDUCE,252,420.839,START,
1_509_0,MRSG_REDUCE,253,420.842,START,
1_510_0,MRSG_REDUCE,254,420.844,START,
1_511_0,MRSG_REDUCE,255,420.847,START,
1_0_0,MRSG_REDUCE,0,773.064,END,422.886
1_1_0,MRSG_REDUCE,1,773.066,END,422.889
1_2_0,MRSG_REDUCE,2,773.069,END,422.892
1_3_0,MRSG_REDUCE,3,773.072,END,422.894
1_4_0,MRSG_REDUCE,4,773.074,END,422.897
1_5_0,MRSG_REDUCE,5,773.077,END,422.899
1_6_0,MRSG_REDUCE,6,773.079,END,422.902
1_7_0,MRSG_REDUCE,7,773.082,END,422.905
1_8_0,MRSG_REDUCE,8,773.085,END,422.907
1_9_0,MRSG_REDUCE,9,773.087,END,422.910
1_10_0,MRSG_REDUCE,10,773.090,END,422.912
1_11_0,MRSG_REDUCE,11,773.092,END,422.915
1_12_0,MRSG_REDUCE,12,773.095,END,422.918
1_13_0,MRSG_REDUCE,13,773.098,END,422.920
1_14_0,MRSG_REDUCE,14,773.100,END,422.923
1_15_0,MRSG_REDUCE,15,773.103,END,422.925
1_16_0,MRSG_REDUCE,16,773.105,END,422.928
1_17_0,MRSG_REDUCE,17,773.108,END,422.931
1_18_0,MRSG_REDUCE,18,773.111,END,422.933
1_19_0,MRSG_REDUCE,19,773.113,END,422.936
1_20_0,MRSG_REDUCE,20,773.116,END,422.938
1_21_0,MRSG_REDUCE,21,773.118,END,422.941
1_22_0,MRSG_REDUCE,22,773.121,END,422.944
1_23_0,MRSG_REDUCE,23,773.124,END,422.946
1_24_0,MRSG_REDUCE,24,773.126,END,422.949
1_25_0,MRSG_REDUCE,25,773.129,END,422.951
1_26_0,MRSG_REDUCE,26,773.131,END,422.954
1_27_0,MRSG_REDUCE,27,773.134,END,422.957
1_28_0,MRSG_REDUCE,28,773.137,END,422.959
1_29_0,MRSG_REDUCE,29,773.139,END,422.962
1_30_0,MRSG_REDUCE,30,773.142,END,422.964
1_31_0,MRSG_REDUCE,31,773.144,END,422.967
1_32_0,MRSG_REDUCE,32,773.147,END,422.970
1_33_0,MRSG_REDUCE,33,773.150,END,422.972
1_34_0,MRSG_REDUCE,34,773.152,END,422.975
1_35_0,MRSG_REDUCE,35,773.155,END,422.977
1_36_0,MRSG_REDUCE,36,773.157,END,422.980
1_37_0,MRSG_REDUCE,37,773.160,END,422.983
1_38_0,MRSG_REDUCE,38,773.163,END,422.985
1_39_0,MRSG_REDUCE,39,773.165,END,422.988
1_40_0,MRSG_REDUCE,40,773.168,END,422.990
1_41_0,MRSG_REDUCE,41,773.170,END,422.993
1_42_0,MRSG_REDUCE,42,773.173,END,422.996
1_43_0,MRSG_REDUCE,43,773.176,END,422.998
1_44_0,MRSG_REDUCE,44,773.178,END,423.001
1_45_0,MRSG_REDUCE,45,773.181,END,423.003
1_46_0,MRSG_REDUCE,46,773.183,END,423.006
1_47_0,MRSG_REDUCE,47,773.186,END,423.009
1_48_0,MRSG_REDUCE,48,773.189,END,423.011
1_49_0,MRSG_REDUCE,49,773.191,END,423.014
1_50_0,MRSG_REDUCE,50,773.194,END,423.016
1_51_0,MRSG_REDUCE,51,773.196,END,423.019
1_52_0,MRSG_REDUCE,52,773.199,END,423.022
1_53_0,MRSG_REDUCE,53,773.202,END,423.024
1_54_0,MRSG_REDUCE,54,773.204,END,423.027
1_55_0,MRSG_REDUCE,55,773.207,END,423.029
1_56_0,MRSG_REDUCE,56,773.209,END,423.032
1_57_0,MRSG_REDUCE,57,773.212,END,423.035
1_58_0,MRSG_REDUCE,58,773.215,END,423.037
1_59_0,MRSG_REDUCE,59,773.217,END,423.040
1_60_0,MRSG_REDUCE,60,773.220,END,423.043
1_61_0,MRSG_REDUCE,61,773.222,END,423.045
1_62_0,MRSG_REDUCE,62,773.225,END,423.048
1_63_0,MRSG_REDUCE,63,773.228,END,423.050
1_64_0,MRSG_REDUCE,64,773.230,END,423.053
1_65_0,MRSG_REDUCE,65,773.233,END,423.056
1_66_0,MRSG_REDUCE,66,773.235,END,423.058
1_67_0,MRSG_REDUCE,67,773.238,END,423.061
1_68_0,MRSG_REDUCE,68,773.241,END,423.063
1_69_0,MRSG_REDUCE,69,773.243,END,423.066
1_70_0,MRSG_REDUCE,70,773.246,END,423.069
1_71_0,MRSG_REDUCE,71,773.248,END,423.071
1_72_0,MRSG_REDUCE,72,773.251,END,423.074
1_73_0,MRSG_REDUCE,73,773.254,END,423.076
1_74_0,MRSG_REDUCE,74,773.256,END,423.079
1_75_0,MRSG_REDUCE,75,773.259,END,423.082
1_76_0,MRSG_REDUCE,76,773.261,END,423.084
1_77_0,MRSG_REDUCE,77,773.264,END,423.087
1_78_0,MRSG_REDUCE,78,773.267,END,423.089
1_79_0,MRSG_REDUCE,79,773.269,END,423.092
1_80_0,MRSG_REDUCE,80,773.272,END,423.095
1_81_0,MRSG_REDUCE,81,773.275,END,423.097
1_82_0,MRSG_REDUCE,82,773.277,END,423.100
1_83_0,MRSG_REDUCE,83,773.280,END,423.102
1_84_0,MRSG_REDUCE,84,773.282,END,423.105
1_85_0,MRSG_REDUCE,85,773.285,END,423.108
1_86_0,MRSG_REDUCE,86,773.288,END,423.110
1_87_0,MRSG_REDUCE,87,773.290,END,423.113
1_88_0,MRSG_REDUCE,88,773.293,END,423.115
1_89_0,MRSG_REDUCE,89,773.295,END,423.118
1_90_0,MRSG_REDUCE,90,773.298,END,423.121
1_91_0,MRSG_REDUCE,91,773.301,END,423.123
1_92_0,MRSG_REDUCE,92,773.303,END,423.126
1_93_0,MRSG_REDUCE,93,773.306,END,423.128
1_94_0,MRSG_REDUCE,94,773.308,END,423.131
1_95_0,MRSG_REDUCE,95,773.311,END,423.134
1_96_0,MRSG_REDUCE,96,773.314,END,423.136
1_97_0,MRSG_REDUCE,97,773.316,END,423.139
1_98_0,MRSG_REDUCE,98,773.319,END,423.141
1_99_0,MRSG_REDUCE,99,773.321,END,423.144
1_100_0,MRSG_REDUCE,100,773.324,END,423.147
1_101_0,MRSG_REDUCE,101,773.327,END,423.149
1_102_0,MRSG_REDUCE,102,773.329,END,423.152
1_103_0,MRSG_REDUCE,103,773.332,END,423.154
1_104_0,MRSG_REDUCE,104,773.334,END,423.157
1_105_0,MRSG_REDUCE,105,773.337,END,423.160
1_106_0,MRSG_REDUCE,106,773.340,END,423.162
1_107_0,MRSG_REDUCE,107,773.342,END,423.165
1_108_0,MRSG_REDUCE,108,773.345,END,423.167
1_109_0,MRSG_REDUCE,109,773.347,END,423.170
1_110_0,MRSG_REDUCE,110,773.350,END,423.173
1_111_0,MRSG_REDUCE,111,773.353,END,423.175
1_112_0,MRSG_REDUCE,112,773.355,END,423.178
1_113_0,MRSG_REDUCE,113,773.358,END,423.180
1_114_0,MRSG_REDUCE,114,773.360,END,423.183
1_115_0,MRSG_REDUCE,115,773.363,END,423.186
1_116_0,MRSG_REDUCE,116,773.366,END,423.188
1_117_0,MRSG_REDUCE,117,773.368,END,423.191
1_118_0,MRSG_REDUCE,118,773.371,END,423.193
1_119_0,MRSG_REDUCE,119,773.373,END,423.196
1_120_0,MRSG_REDUCE,120,773.376,END,423.199
1_121_0,MRSG_REDUCE,121,773.379,END,423.201
1_122_0,MRSG_REDUCE,122,773.381,END,423.204
1_123_0,MRSG_REDUCE,123,773.384,END,423.206
1_124_0,MRSG_REDUCE,124,773.386,END,423.209
1_125_0,MRSG_REDUCE,125,773.389,END,423.212
1_126_0,MRSG_REDUCE,126,773.392,END,423.214
1_127_0,MRSG_REDUCE,127,773.394,END,423.217
1_128_0,MRSG_REDUCE,128,773.397,END,423.219
1_129_0,MRSG_REDUCE,129,773.399,END,423.222
1_130_0,MRSG_REDUCE,130,773.402,END,423.225
1_131_0,MRSG_REDUCE,131,773.405,END,423.227
1_132_0,MRSG_REDUCE,132,773.407,END,423.230
1_133_0,MRSG_REDUCE,133,773.410,END,423.232
1_134_0,MRSG_REDUCE,134,773.412,END,423.235
1_135_0,MRSG_REDUCE,135,773.415,END,423.238
1_136_0,MRSG_REDUCE,136,773.422,END,423.245
1_137_0,MRSG_REDUCE,137,773.425,END,423.248
1_138_0,MRSG_REDUCE,138,773.428,END,423.250
1_139_0,MRSG_REDUCE,139,773.430,END,423.253
1_140_0,MRSG_REDUCE,140,773.433,END,423.255
1_141_0,MRSG_REDUCE,141,773.435,END,423.258
1_142_0,MRSG_REDUCE,142,773.438,END,423.261
1_143_0,MRSG_REDUCE,143,773.441,END,423.263
1_144_0,MRSG_REDUCE,144,773.443,END,423.266
1_145_0,MRSG_REDUCE,145,773.446,END,423.268
1_146_0,MRSG_REDUCE,146,773.448,END,423.271
1_147_0,MRSG_REDUCE,147,773.451,END,423.274
1_148_0,MRSG_REDUCE,148,773.454,END,423.276
1_149_0,MRSG_REDUCE,149,773.456,END,423.279
1_150_0,MRSG_REDUCE,150,773.459,END,423.281
1_151_0,MRSG_REDUCE,151,773.461,END,423.284
1_152_0,MRSG_REDUCE,152,773.464,END,423.287
1_153_0,MRSG_REDUCE,153,773.467,END,423.289
1_154_0,MRSG_REDUCE,154,773.469,END,423.292
1_155_0,MRSG_REDUCE,155,773.472,END,423.295
1_156_0,MRSG_REDUCE,156,773.474,END,423.297
1_157_0,MRSG_REDUCE,157,773.477,END,423.300
1_158_0,MRSG_REDUCE,158,773.480,END,423.302
1_159_0,MRSG_REDUCE,159,773.482,END,423.305
1_160_0,MRSG_REDUCE,160,773.485,END,423.308
1_161_0,MRSG_REDUCE,161,773.487,END,423.310
1_162_0,MRSG_REDUCE,162,773.490,END,423.313
1_163_0,MRSG_REDUCE,163,773.493,END,423.315
1_164_0,MRSG_REDUCE,164,773.495,END,423.318
1_165_0,MRSG_REDUCE,165,773.498,END,423.321
1_166_0,MRSG_REDUCE,166,773.500,END,423.323
1_167_0,MRSG_REDUCE,167,773.503,END,423.326
1_168_0,MRSG_REDUCE,168,773.506,END,423.328
1_169_0,MRSG_REDUCE,169,773.508,END,423.331
1_170_0,MRSG_REDUCE,170,773.511,END,423.334
1_171_0,MRSG_REDUCE,171,773.513,END,423.336
1_172_0,MRSG_REDUCE,172,773.516,END,423.339
1_173_0,MRSG_REDUCE,173,773.519,END,423.341
1_174_0,MRSG_REDUCE,174,773.521,END,423.344
1_175_0,MRSG_REDUCE,175,773.524,END,423.347
1_176_0,MRSG_REDUCE,176,773.527,END,423.349
1_177_0,MRSG_REDUCE,177,773.529,END,423.352
1_178_0,MRSG_REDUCE,178,773.532,END,423.354
1_179_0,MRSG_REDUCE,179,773.534,END,423.357
1_180_0,MRSG_REDUCE,180,773.537,END,423.360
1_181_0,MRSG_REDUCE,181,773.540,END,423.362
1_182_0,MRSG_REDUCE,182,773.542,END,423.365
1_183_0,MRSG_REDUCE,183,773.545,END,423.367
1_184_0,MRSG_REDUCE,184,773.547,END,423.370
1_185_0,MRSG_REDUCE,185,773.550,END,423.373
1_186_0,MRSG_REDUCE,186,773.553,END,423.375
1_187_0,MRSG_REDUCE,187,773.555,END,423.378
1_188_0,MRSG_REDUCE,188,773.558,END,423.380
1_189_0,MRSG_REDUCE,189,773.560,END,423.383
1_190_0,MRSG_REDUCE,190,773.563,END,423.386
1_191_0,MRSG_REDUCE,191,773.566,END,423.388
1_192_0,MRSG_REDUCE,192,773.568,END,423.391
1_193_0,MRSG_REDUCE,193,773.571,END,423.393
1_194_0,MRSG_REDUCE,194,773.573,END,423.396
1_195_0,MRSG_REDUCE,195,773.576,END,423.399
1_196_0,MRSG_REDUCE,196,773.579,END,423.401
1_197_0,MRSG_REDUCE,197,773.581,END,423.404
1_198_0,MRSG_REDUCE,198,773.584,END,423.406
1_199_0,MRSG_REDUCE,199,773.586,END,423.409
1_200_0,MRSG_REDUCE,200,773.589,END,423.412
1_201_0,MRSG_REDUCE,201,773.592,END,423.414
1_202_0,MRSG_REDUCE,202,773.594,END,423.417
1_203_0,MRSG_REDUCE,203,773.597,END,423.419
1_204_0,MRSG_REDUCE,204,773.599,END,423.422
1_205_0,MRSG_REDUCE,205,773.602,END,423.425
1_206_0,MRSG_REDUCE,206,773.605,END,423.427
1_207_0,MRSG_REDUCE,207,773.607,END,423.430
1_208_0,MRSG_REDUCE,208,773.610,END,423.432
1_209_0,MRSG_REDUCE,209,773.612,END,423.435
1_210_0,MRSG_REDUCE,210,773.615,END,423.438
1_211_0,MRSG_REDUCE,211,773.618,END,423.440
1_212_0,MRSG_REDUCE,212,773.620,END,423.443
1_213_0,MRSG_REDUCE,213,773.623,END,423.445
1_214_0,MRSG_REDUCE,214,773.625,END,423.448
1_215_0,MRSG_REDUCE,215,773.628,END,423.451
1_216_0,MRSG_REDUCE,216,773.631,END,423.453
1_217_0,MRSG_REDUCE,217,773.633,END,423.456
1_218_0,MRSG_REDUCE,218,773.636,END,423.458
1_219_0,MRSG_REDUCE,219,773.638,END,423.461
1_220_0,MRSG_REDUCE,220,773.641,END,423.464
1_221_0,MRSG_REDUCE,221,773.644,END,423.466
1_222_0,MRSG_REDUCE,222,773.646,END,423.469
1_223_0,MRSG_REDUCE,223,773.649,END,423.471
1_224_0,MRSG_REDUCE,224,773.651,END,423.474
1_225_0,MRSG_REDUCE,225,773.654,END,423.477
1_226_0,MRSG_REDUCE,226,773.657,END,423.479
1_227_0,MRSG_REDUCE,227,773.659,END,423.482
1_228_0,MRSG_REDUCE,228,773.662,END,423.484
1_229_0,MRSG_REDUCE,229,773.664,END,423.487
1_230_0,MRSG_REDUCE,230,773.667,END,423.490
1_231_0,MRSG_REDUCE,231,773.670,END,423.492
1_232_0,MRSG_REDUCE,232,773.672,END,423.495
1_233_0,MRSG_REDUCE,233,773.675,END,423.497
1_234_0,MRSG_REDUCE,234,773.677,END,423.500
1_235_0,MRSG_REDUCE,235,773.680,END,423.503
1_236_0,MRSG_REDUCE,236,773.683,END,423.505
1_237_0,MRSG_REDUCE,237,773.685,END,423.508
1_238_0,MRSG_REDUCE,238,773.688,END,423.510
1_239_0,MRSG_REDUCE,239,773.690,END,423.513
1_240_0,MRSG_REDUCE,240,773.693,END,423.516
1_241_0,MRSG_REDUCE,241,773.696,END,423.518
1_242_0,MRSG_REDUCE,242,773.698,END,423.521
1_243_0,MRSG_REDUCE,243,773.701,END,423.523
1_244_0,MRSG_REDUCE,244,773.703,END,423.526
1_245_0,MRSG_REDUCE,245,773.706,END,423.529
1_246_0,MRSG_REDUCE,246,773.709,END,423.531
1_247_0,MRSG_REDUCE,247,773.711,END,423.534
1_248_0,MRSG_REDUCE,248,773.714,END,423.536
1_249_0,MRSG_REDUCE,249,773.716,END,423.539
1_250_0,MRSG_REDUCE,250,773.719,END,423.542
1_251_0,MRSG_REDUCE,251,773.722,END,423.544
1_252_0,MRSG_REDUCE,252,773.724,END,423.547
1_253_0,MRSG_REDUCE,253,773.727,END,423.549
1_254_0,MRSG_REDUCE,254,773.729,END,423.552
1_255_0,MRSG_REDUCE,255,773.732,END,423.555
1_256_0,MRSG_REDUCE,0,776.065,END,425.888
1_257_0,MRSG_REDUCE,1,776.068,END,425.890
1_258_0,MRSG_REDUCE,2,776.070,END,425.893
1_259_0,MRSG_REDUCE,3,776.073,END,425.895
1_260_0,MRSG_REDUCE,4,776.075,END,425.898
1_261_0,MRSG_REDUCE,5,776.078,END,425.901
1_262_0,MRSG_REDUCE,6,776.081,END,425.903
1_263_0,MRSG_REDUCE,7,776.083,END,425.906
1_264_0,MRSG_REDUCE,8,776.086,END,425.909
1_265_0,MRSG_REDUCE,9,776.088,END,425.911
1_266_0,MRSG_REDUCE,10,776.091,END,425.914
1_267_0,MRSG_REDUCE,11,776.094,END,425.916
1_268_0,MRSG_REDUCE,12,776.096,END,425.919
1_269_0,MRSG_REDUCE,13,776.099,END,425.922
1_270_0,MRSG_REDUCE,14,776.101,END,425.924
1_271_0,MRSG_REDUCE,15,776.104,END,425.927
1_272_0,MRSG_REDUCE,16,776.107,END,425.929
1_273_0,MRSG_REDUCE,17,776.109,END,425.932
1_274_0,MRSG_REDUCE,18,776.112,END,425.935
1_275_0,MRSG_REDUCE,19,776.114,END,425.937
1_276_0,MRSG_REDUCE,20,776.117,END,425.940
1_277_0,MRSG_REDUCE,21,776.120,END,425.942
1_278_0,MRSG_REDUCE,22,776.122,END,425.945
1_279_0,MRSG_REDUCE,23,776.125,END,425.948
1_280_0,MRSG_REDUCE,24,776.127,END,425.950
1_281_0,MRSG_REDUCE,25,776.130,END,425.953
1_282_0,MRSG_REDUCE,26,776.133,END,425.955
1_283_0,MRSG_REDUCE,27,776.135,END,425.958
1_284_0,MRSG_REDUCE,28,776.138,END,425.961
1_285_0,MRSG_REDUCE,29,776.141,END,425.963
1_286_0,MRSG_REDUCE,30,776.143,END,425.966
1_287_0,MRSG_REDUCE,31,776.146,END,425.968
1_288_0,MRSG_REDUCE,32,776.148,END,425.971
1_289_0,MRSG_REDUCE,33,776.151,END,425.974
1_290_0,MRSG_REDUCE,34,776.154,END,425.976
1_291_0,MRSG_REDUCE,35,776.156,END,425.979
1_292_0,MRSG_REDUCE,36,776.159,END,425.981
1_293_0,MRSG_REDUCE,37,776.161,END,425.984
1_294_0,MRSG_REDUCE,38,776.164,END,425.987
1_295_0,MRSG_REDUCE,39,776.167,END,425.989
1_296_0,MRSG_REDUCE,40,776.169,END,425.992
1_297_0,MRSG_REDUCE,41,776.172,END,425.994
1_298_0,MRSG_REDUCE,42,776.174,END,425.997
1_299_0,MRSG_REDUCE,43,776.177,END,426.000
1_300_0,MRSG_REDUCE,44,776.180,END,426.002
1_301_0,MRSG_REDUCE,45,776.182,END,426.005
1_302_0,MRSG_REDUCE,46,776.185,END,426.007
1_303_0,MRSG_REDUCE,47,776.187,END,426.010
1_304_0,MRSG_REDUCE,48,776.190,END,426.013
1_305_0,MRSG_REDUCE,49,776.193,END,426.015
1_306_0,MRSG_REDUCE,50,776.195,END,426.018
1_307_0,MRSG_REDUCE,51,776.198,END,426.020
1_308_0,MRSG_REDUCE,52,776.200,END,426.023
1_309_0,MRSG_REDUCE,53,776.203,END,426.026
1_310_0,MRSG_REDUCE,54,776.206,END,426.028
1_311_0,MRSG_REDUCE,55,776.208,END,426.031
1_312_0,MRSG_REDUCE,56,776.211,END,426.033
1_313_0,MRSG_REDUCE,57,776.213,END,426.036
1_314_0,MRSG_REDUCE,58,776.216,END,426.039
1_315_0,MRSG_REDUCE,59,776.219,END,426.041
1_316_0,MRSG_REDUCE,60,776.221,END,426.044
1_317_0,MRSG_REDUCE,61,776.224,END,426.046
1_318_0,MRSG_REDUCE,62,776.226,END,426.049
1_319_0,MRSG_REDUCE,63,776.229,END,426.052
1_320_0,MRSG_REDUCE,64,776.232,END,426.054
1_321_0,MRSG_REDUCE,65,776.234,END,426.057
1_322_0,MRSG_REDUCE,66,776.237,END,426.059
1_323_0,MRSG_REDUCE,67,776.239,END,426.062
1_324_0,MRSG_REDUCE,68,776.242,END,426.065
1_325_0,MRSG_REDUCE,69,776.245,END,426.067
1_326_0,MRSG_REDUCE,70,776.247,END,426.070
1_327_0,MRSG_REDUCE,71,776.250,END,426.072
1_328_0,MRSG_REDUCE,72,776.252,END,426.075
1_329_0,MRSG_REDUCE,73,776.255,END,426.078
1_330_0,MRSG_REDUCE,74,776.258,END,426.080
1_331_0,MRSG_REDUCE,75,776.260,END,426.083
1_332_0,MRSG_REDUCE,76,776.263,END,426.085
1_333_0,MRSG_REDUCE,77,776.265,END,426.088
1_334_0,MRSG_REDUCE,78,776.268,END,426.091
1_335_0,MRSG_REDUCE,79,776.271,END,426.093
1_336_0,MRSG_REDUCE,80,776.273,END,426.096
1_337_0,MRSG_REDUCE,81,776.276,END,426.098
1_338_0,MRSG_REDUCE,82,776.278,END,426.101
1_339_0,MRSG_REDUCE,83,776.281,END,426.104
1_340_0,MRSG_REDUCE,84,776.284,END,426.106
1_341_0,MRSG_REDUCE,85,776.286,END,426.109
1_342_0,MRSG_REDUCE,86,776.289,END,426.111
1_343_0,MRSG_REDUCE,87,776.291,END,426.114
1_344_0,MRSG_REDUCE,88,776.294,END,426.117
1_345_0,MRSG_REDUCE,89,776.297,END,426.119
1_346_0,MRSG_REDUCE,90,776.299,END,426.122
1_347_0,MRSG_REDUCE,91,776.302,END,426.124
1_348_0,MRSG_REDUCE,92,776.304,END,426.127
1_349_0,MRSG_REDUCE,93,776.307,END,426.130
1_350_0,MRSG_REDUCE,94,776.310,END,426.132
1_351_0,MRSG_REDUCE,95,776.312,END,426.135
1_352_0,MRSG_REDUCE,96,776.315,END,426.137
1_353_0,MRSG_REDUCE,97,776.317,END,426.140
1_354_0,MRSG_REDUCE,98,776.320,END,426.143
1_355_0,MRSG_REDUCE,99,776.323,END,426.145
1_356_0,MRSG_REDUCE,100,776.325,END,426.148
1_357_0,MRSG_REDUCE,101,776.328,END,426.150
1_358_0,MRSG_REDUCE,102,776.330,END,426.153
1_359_0,MRSG_REDUCE,103,776.333,END,426.156
1_360_0,MRSG_REDUCE,104,776.336,END,426.158
1_361_0,MRSG_REDUCE,105,776.338,END,426.161
1_362_0,MRSG_REDUCE,106,776.341,END,426.163
1_363_0,MRSG_REDUCE,107,776.343,END,426.166
1_364_0,MRSG_REDUCE,108,776.346,END,426.169
1_365_0,MRSG_REDUCE,109,776.349,END,426.171
1_366_0,MRSG_REDUCE,110,776.351,END,426.174
1_367_0,MRSG_REDUCE,111,776.354,END,426.177
1_368_0,MRSG_REDUCE,112,776.356,END,426.179
1_369_0,MRSG_REDUCE,113,776.359,END,426.182
1_370_0,MRSG_REDUCE,114,776.362,END,426.184
1_371_0,MRSG_REDUCE,115,776.364,END,426.187
1_372_0,MRSG_REDUCE,116,776.367,END,426.190
1_373_0,MRSG_REDUCE,117,776.369,END,426.192
1_374_0,MRSG_REDUCE,118,776.372,END,426.195
1_375_0,MRSG_REDUCE,119,776.375,END,426.197
1_376_0,MRSG_REDUCE,120,776.377,END,426.200
1_377_0,MRSG_REDUCE,121,776.380,END,426.203
1_378_0,MRSG_REDUCE,122,776.382,END,426.205
1_379_0,MRSG_REDUCE,123,776.385,END,426.208
1_380_0,MRSG_REDUCE,124,776.388,END,426.210
1_381_0,MRSG_REDUCE,125,776.390,END,426.213
1_382_0,MRSG_REDUCE,126,776.393,END,426.216
1_383_0,MRSG_REDUCE,127,776.395,END,426.218
1_384_0,MRSG_REDUCE,128,776.398,END,426.221
1_385_0,MRSG_REDUCE,129,776.401,END,426.223
1_386_0,MRSG_REDUCE,130,776.403,END,426.226
1_387_0,MRSG_REDUCE,131,776.406,END,426.229
1_388_0,MRSG_REDUCE,132,776.409,END,426.231
1_389_0,MRSG_REDUCE,133,776.411,END,426.234
1_390_0,MRSG_REDUCE,134,776.414,END,426.236
1_391_0,MRSG_REDUCE,135,776.416,END,426.239
1_392_0,MRSG_REDUCE,136,776.424,END,426.246
1_393_0,MRSG_REDUCE,137,776.426,END,426.249
1_394_0,MRSG_REDUCE,138,776.429,END,426.252
1_395_0,MRSG_REDUCE,139,776.432,END,426.254
1_396_0,MRSG_REDUCE,140,776.434,END,426.257
1_397_0,MRSG_REDUCE,141,776.437,END,426.259
1_398_0,MRSG_REDUCE,142,776.439,END,426.262
1_399_0,MRSG_REDUCE,143,776.442,END,426.265
1_400_0,MRSG_REDUCE,144,776.445,END,426.267
1_401_0,MRSG_REDUCE,145,776.447,END,426.270
1_402_0,MRSG_REDUCE,146,776.450,END,426.272
1_403_0,MRSG_REDUCE,147,776.452,END,426.275
1_404_0,MRSG_REDUCE,148,776.455,END,426.278
1_405_0,MRSG_REDUCE,149,776.458,END,426.280
1_406_0,MRSG_REDUCE,150,776.460,END,426.283
1_407_0,MRSG_REDUCE,151,776.463,END,426.285
1_408_0,MRSG_REDUCE,152,776.465,END,426.288
1_409_0,MRSG_REDUCE,153,776.468,END,426.291
1_410_0,MRSG_REDUCE,154,776.471,END,426.293
1_411_0,MRSG_REDUCE,155,776.473,END,426.296
1_412_0,MRSG_REDUCE,156,776.476,END,426.298
1_413_0,MRSG_REDUCE,157,776.478,END,426.301
1_414_0,MRSG_REDUCE,158,776.481,END,426.304
1_415_0,MRSG_REDUCE,159,776.484,END,426.306
1_416_0,MRSG_REDUCE,160,776.486,END,426.309
1_417_0,MRSG_REDUCE,161,776.489,END,426.311
1_418_0,MRSG_REDUCE,162,776.491,END,426.314
1_419_0,MRSG_REDUCE,163,776.494,END,426.317
1_420_0,MRSG_REDUCE,164,776.497,END,426.319
1_421_0,MRSG_REDUCE,165,776.499,END,426.322
1_422_0,MRSG_REDUCE,166,776.502,END,426.324
1_423_0,MRSG_REDUCE,167,776.504,END,426.327
1_424_0,MRSG_REDUCE,168,776.507,END,426.330
1_425_0,MRSG_REDUCE,169,776.510,END,426.332
1_426_0,MRSG_REDUCE,170,776.512,END,426.335
1_427_0,MRSG_REDUCE,171,776.515,END,426.337
1_428_0,MRSG_REDUCE,172,776.517,END,426.340
1_429_0,MRSG_REDUCE,173,776.520,END,426.343
1_430_0,MRSG_REDUCE,174,776.523,END,426.345
1_431_0,MRSG_REDUCE,175,776.525,END,426.348
1_432_0,MRSG_REDUCE,176,776.528,END,426.350
1_433_0,MRSG_REDUCE,177,776.530,END,426.353
1_434_0,MRSG_REDUCE,178,776.533,END,426.356
1_435_0,MRSG_REDUCE,179,776.536,END,426.358
1_436_0,MRSG_REDUCE,180,776.538,END,426.361
1_437_0,MRSG_REDUCE,181,776.541,END,426.363
1_438_0,MRSG_REDUCE,182,776.543,END,426.366
1_439_0,MRSG_REDUCE,183,776.546,END,426.369
1_440_0,MRSG_REDUCE,184,776.549,END,426.371
1_441_0,MRSG_REDUCE,185,776.551,END,426.374
1_442_0,MRSG_REDUCE,186,776.554,END,426.376
1_443_0,MRSG_REDUCE,187,776.556,END,426.379
1_444_0,MRSG_REDUCE,188,776.559,END,426.382
1_445_0,MRSG_REDUCE,189,776.562,END,426.384
1_446_0,MRSG_REDUCE,190,776.564,END,426.387
1_447_0,MRSG_REDUCE,191,776.567,END,426.389
1_448_0,MRSG_REDUCE,192,776.569,END,426.392
1_449_0,MRSG_REDUCE,193,776.572,END,426.395
1_450_0,MRSG_REDUCE,194,776.575,END,426.397
1_451_0,MRSG_REDUCE,195,776.577,END,426.400
1_452_0,MRSG_REDUCE,196,776.580,END,426.402
1_453_0,MRSG_REDUCE,197,776.582,END,426.405
1_454_0,MRSG_REDUCE,198,776.585,END,426.408
1_455_0,MRSG_REDUCE,199,776.588,END,426.410
1_456_0,MRSG_REDUCE,200,776.590,END,426.413
1_457_0,MRSG_REDUCE,201,776.593,END,426.415
1_458_0,MRSG_REDUCE,202,776.595,END,426.418
1_459_0,MRSG_REDUCE,203,776.598,END,426.421
1_460_0,MRSG_REDUCE,204,776.601,END,426.423
1_461_0,MRSG_REDUCE,205,776.603,END,426.426
1_462_0,MRSG_REDUCE,206,776.606,END,426.429
1_463_0,MRSG_REDUCE,207,776.608,END,426.431
1_464_0,MRSG_REDUCE,208,776.611,END,426.434
1_465_0,MRSG_REDUCE,209,776.614,END,426.436
1_466_0,MRSG_REDUCE,210,776.616,END,426.439
1_467_0,MRSG_REDUCE,211,776.619,END,426.442
1_468_0,MRSG_REDUCE,212,776.621,END,426.444
1_469_0,MRSG_REDUCE,213,776.624,END,426.447
1_470_0,MRSG_REDUCE,214,776.627,END,426.449
1_471_0,MRSG_REDUCE,215,776.629,END,426.452
1_472_0,MRSG_REDUCE,216,776.632,END,426.455
1_473_0,MRSG_REDUCE,217,776.634,END,426.457
1_474_0,MRSG_REDUCE,218,776.637,END,426.460
1_475_0,MRSG_REDUCE,219,776.640,END,426.462
1_476_0,MRSG_REDUCE,220,776.642,END,426.465
1_477_0,MRSG_REDUCE,221,776.645,END,426.468
1_478_0,MRSG_REDUCE,222,776.647,END,426.470
1_479_0,MRSG_REDUCE,223,776.650,END,426.473
1_480_0,MRSG_REDUCE,224,776.653,END,426.475
1_481_0,MRSG_REDUCE,225,776.655,END,426.478
1_482_0,MRSG_REDUCE,226,776.658,END,426.481
1_483_0,MRSG_REDUCE,227,776.661,END,426.483
1_484_0,MRSG_REDUCE,228,776.663,END,426.486
1_485_0,MRSG_REDUCE,229,776.666,END,426.488
1_486_0,MRSG_REDUCE,230,776.668,END,426.491
1_487_0,MRSG_REDUCE,231,776.671,END,426.494
1_488_0,MRSG_REDUCE,232,776.674,END,426.496
1_489_0,MRSG_REDUCE,233,776.676,END,426.499
1_490_0,MRSG_REDUCE,234,776.679,END,426.501
1_491_0,MRSG_REDUCE,235,776.681,END,426.504
1_492_0,MRSG_REDUCE,236,776.684,END,426.507
1_493_0,MRSG_REDUCE,237,776.687,END,426.509
1_494_0,MRSG_REDUCE,238,776.689,END,426.512
1_495_0,MRSG_REDUCE,239,776.692,END,426.514
1_496_0,MRSG_REDUCE,240,776.694,END,426.517
1_497_0,MRSG_REDUCE,241,776.697,END,426.520
1_498_0,MRSG_REDUCE,242,776.700,END,426.522
1_499_0,MRSG_REDUCE,243,776.702,END,426.525
1_500_0,MRSG_REDUCE,244,776.705,END,426.527
1_501_0,MRSG_REDUCE,245,776.707,END,426.530
1_502_0,MRSG_REDUCE,246,776.710,END,426.533
1_503_0,MRSG_REDUCE,247,776.713,END,426.535
1_504_0,MRSG_REDUCE,248,776.715,END,426.538
1_505_0,MRSG_REDUCE,249,776.718,END,426.540
1_506_0,MRSG_REDUCE,250,776.720,END,426.543
1_507_0,MRSG_REDUCE,251,776.723,END,426.546
1_508_0,MRSG_REDUCE,252,776.726,END,426.548
1_509_0,MRSG_REDUCE,253,776.728,END,426.551
1_510_0,MRSG_REDUCE,254,776.731,END,426.553
1_511_0,MRSG_REDUCE,255,776.733,END,426.556
